serialNumber,date,section,title,link,
1,9/17/2013,Live Mint-Money-Financial Planning,Live Mint,http://www.livemint.com/Money/7a5Lu3qhFIy54WEtzTfZTP/Why-women-should-make-financial-decisions.html,
2,11/3/2013,Free press-weekend-life,Free Press Journal,http://epaper.freepressjournal.in/epapermain.aspx?queryed=9&eddate=11%2f03%2f2013, 
3,12/2/2013,The Economic Times-Personal Finance & Economy,The Economic Times,http://economictimes.indiatimes.com/markets/bonds/study-time-frame-tax-slab-issues-ratings-before-investing-in-shriram-city-ntpc-and-hudco/articleshow/26707473.cms,
4,2/21/2014,Mint-Markets & Finance-Mint Money-Plan Mantra ,Mint,http://www.livemint.com/Money/bESDJ6wZFUE1bVAguBecQI/Good-savers-but-bad-investors.html,
5,3/7/2014,Mint-Markets & Finance-Mint Money-Balanced View,Mint,http://www.livemint.com/Money/DAQQ3HX4KwljGJefDZOFkM/Emotional-comfort-and-little-else.html,
6,3/16/2014,DNA-lifestyle-report,DNA,http://www.dnaindia.com/lifestyle/report-are-you-afraid-to-invest-here-s-an-eight-step-guide-to-take-charge-of-your-finances-1969746,
7,3/25/2014,ET-Personal Finance-Savings news,The Economic Times,http://economictimes.indiatimes.com/personal-finance/savings-centre/savings-news/fmps-can-aid-you-in-saving-tax-getting-higher-returns/articleshow/32636598.cms,
8,4/1/2014,Mint-Money-Succession planning is for everyone,Mint,http://www.livemint.com/Money/3ITsc4ZugjOdrxsNNRL0MJ/Succession-planning-is-for-everyone.html,
9,4/8/2014,Mint-Money-Single parents have twice the responsibility,Mint,http://www.livemint.com/Money/T2l1w2zSY0Ml6NrDNltxeM/Single-parents-have-twice-the-responsibility.html,
10,4/17/2014,Mint-Money-Turning the vicious home loan circle into a virtuous one,Mint,http://www.livemint.com/Money/P0NBMMSXH2IKqs7zqVGALM/Turning-the-vicious-home-loan-circle-into-a-virtuous-one.html,
11,5/6/2014,The Economic Times-Wealth-savings centre-analysis,The Economic Times,http://economictimes.indiatimes.com/wealth/savings-centre/analysis/play-safe-in-an-uncertain-market-invest-in-short-term-funds/articleshow/34703177.cms,
12,5/19/2014,Deepali Sen's video by Vilas Mungekar on personal finance,You tube,https://www.youtube.com/watch?v=sV9MLQER1io,
13,5/23/2014,Mint-Money-Money-Markets & Finance-Personal Finance-Succesful startup ,Mint,http://www.livemint.com/Money/F1OsGcuiZUpTwlaMvDVMzI/Have-a-Flipkart-like-idea-Bring-it-out.html,
14,6/12/2014,Mint-Mint money-Enjoy today but not at the cost of tomorrow,Mint,http://www.livemint.com/Money/hLkLJaNjhFePJffk5hZvYO/Enjoy-today-but-not-at-the-cost-of-your-tomorrow.html,
15,7/2/2014,DNA-lifestyle-report-wealthy wednesdays investing regularly,DNA,http://www.dnaindia.com/lifestyle/report-wealthy-wednesdays-investing-effectively-1999140,
16,7/17/2014,Network Fp-Think tank-knowledge area-personality and skills,Network fp,http://networkfp.com/rich-or-wealthy-what-are-you-helping-your-clients-become/,
17,8/29/2014,Mint-money-Provident fund scheme gets better,Mint,http://www.livemint.com/Home-Page/vKgp2xOrob6AsbHQ6sUpqK/Provident-fund-schemes-get-better.html,
18,9/24/2014,Mint-Money-When it’s time to call the professionals,Mint,http://www.livemint.com/Money/9l6bRERCQTutKy2BGYEM0H/When-its-time-to-call-the-professionals.html,
19,10/6/2014,Mint-Money-Personal finance-5 mistakes to avoid this festive season,Mint,http://www.livemint.com/Money/j44sWOjDIB2ITFG3QW4boJ/5-mistakes-to-avoid-this-festive-season.html,
20,10/22/2014,Mint-Money-Personal finance-How big should your MF portfolio be?,Mint,http://www.livemint.com/Money/FTJAX37u8aJP4pFRdEw4AL/How-big-should-your-MF-portfolio-be.html,
21,11/5/2014,Mint-Money-Husband and wife and the love of money,Mint,http://www.livemint.com/Money/HIfmJgHpyj1cheZDqsfLWK/Husband-wife-and-the-love-for-money.html,
22,1/19/2015,Mint- Money-take the road to retirement before its too late,Live Mint,http://www.livemint.com/Money/b6Rr8GeNpqITGj6NmUG07O/Take-the-road-to-retirement-planning-before-it-is-too-late.html,
23,2/1/2015,Jetwings- Finance-Tax Saving Investment Options,Jet Wings,http://www.jetairways.com/Uploads/e-Mag/Category/JetWings%20Domestic/February%202015/jetflash_content.html,
24,3/3/2015,DSP Blackrock Mutual Fund-Winvisor-  How this initiative helps,DSP Black Rock,https://www.youtube.com/watch?v=gRAjn0v22g4&list=PLClJEnfmHKkjnLEaJ7MBLi4jnzAeR2jOr&index=3,
25,4/22/2015,Mint-Money- There's more to a product than just returns,Mint,http://www.livemint.com/Money/9z3Uu31GgJjVL4Qd0uGoPO/Theres-more-to-a-product-than-just-returns.html,
26,5/4/2015,Business Standard-Personal Finance-Funding your child's higher education,Business Standard,http://www.business-standard.com/article/pf/funding-your-child-s-higher-education-115050300763_1.html,
27,8/7/2015,Business Standard-Personal Finance-Features-Savings Schemes,Business Standard,http://www.business-standard.com/article/pf/govt-gift-scheme-has-limited-benefits-115080601020_1.html#,
28,8/10/2015,Business Standard-Personal Finance-Features-Insurance,Business Standard,http://www.business-standard.com/article/pf/add-critical-illness-policies-to-your-insurance-portfolio-115080900779_1.html,
29,9/22/2015,Mint-Money-Protect MF investments from market noise,Mint,http://www.livemint.com/Money/lX7OKgPH2dW641Ou8L1dJK/Protect-MF-investments-from-market-noise.html#.VgUXDRxw_KI.email,
30,12/14/2015,Business Standard-Personal Finance- Features- When financial overhaul is needed,Business Standard,http://www.business-standard.com/article/pf/when-financial-overhaul-is-needed-115121300725_1.html,
31,1/2/2016,Mint-Money-put everything into this exercise,Mint,http://www.livemint.com/Money/4rCwi49uAG2kMqulq4fxfK/Asset-allocation-put-everything-into-this-exercise.html,
32,1/2/2016,Café Mutual-News-Business Development-2015 taught me that nothing is permanent,Café Mutual,http://cafemutual.com/news/business-development/371-2015-taught-me-that-that-nothing-is-permanent,
33,2/8/2016,Business Standard-PF-Features-Financial Planning,Business Standard,http://www.business-standard.com/article/pf/review-your-finances-this-valentine-s-day-116020700772_1.html,
34,2/15/2016,Mint-Money-How much should I save for my child,Mint,http://www.livemint.com/Money/3L59sZIQ41G7iWhHev4tQN/How-much-should-I-save-for-my-child.html,
35,3/8/2016,IFA Insights-Success stories,IFA insights,https://www.facebook.com/IFAInsights/photos/a.226889174152022.1073741828.225999580907648/571379256369677/?type=3&theater,
36,4/25/2016,Business Standard-PF-Features-Retirement is closer than it appears,Business Standard,http://www.business-standard.com/article/pf/your-retirement-is-closer-than-it-appears-116042400731_1.html,
37,4/26/2016,The Economic Times-Wealth-Mutual Funds-Mutual fund queries answered by Deepali Sen,The Economic Times,http://economictimes.indiatimes.com/wealth/mutual-funds/mutual-fund-queries-answered-by-deepali-sen-founder-srujan-financial-advisors/articleshow/51980600.cms,
38,4/26/2016,Mint-Money-personal Finance-Two incomes mean twice the opportunity,Mint,http://www.livemint.com/Money/V0Bcyev9M4XCUd8wX7SFfP/Two-incomes-mean-twice-the-opportunity.html,
39,5/23/2016,Mint-Money-Financial Ratios to tract your money health,Mint,http://www.livemint.com/Money/bAqzBMljRs7j0OjsuEYcKL/Financial-ratios-to-track-your-money-health.html,
40,7/14/2016,Café Mutual-Business Development-Secrets of successful women advisers,Café Mutual,http://cafemutual.com/news/business-development/486-secrets-of-successful-women-advisers,
41,8/9/2016,Buinsess Standard-PF-Features-Investments,Business Standard,http://www.business-standard.com/article/pf/higher-equity-share-can-boost-epf-s-returns-116080801500_1.html,
42,9/14/2016,Mint-Money-Check if you are ready for equity before you invest,Mint,http://www.livemint.com/Money/vN1hf2jmyFHgwN1EfAXf4M/Check-if-you-are-ready-for-equity-before-you-invest.html,
43,9/20/2016,ET-ET Markets-Money matters-MF Queries,The Economic Times,http://economictimes.indiatimes.com/mf/analysis/mf-queries-invest-for-the-long-term-when-picking-equity-mutual-funds/articleshow/54421426.cms,
44,10/17/2016,Mint-Money-personal finance-my plan-we gained confidence in our fuure with financial advice,Mint,http://www.livemint.com/Money/dvepnhIh30yI28VegwLGKP/We-gained-confidence-in-our-future-with-financial-advice.html,
45,10/27/2016,Business Standard-The Smart Investor-Personal Finance-Your money-Control your Diwali splurge,Business Standard,http://www.business-standard.com/article/pf/control-your-diwali-splurge-116102601657_1.html,
46,11/7/2016,Mint-Money-Personal finance-my plan-better investments put us in a better place to pay for our house,Mint,http://www.livemint.com/Money/ofzzRWv7hJwMKJArIJ2LEM/Better-investments-put-us-in-a-better-place-to-pay-for-our.html,
47,11/14/2006,Business Standard-Personal Finance-Partnering with ola uber requires hard looks at costs,Business Standard,http://www.business-standard.com/article/pf/partnering-with-ola-uber-requires-hard-look-at-costs-116111300863_1.html,
48,11/22/2016,"Mint-Money-Personal finance-excess funds in bank,pick a debt fund",Mint,http://www.livemint.com/Money/NHzDZRlkIIWQMx88HyarXN/Excess-funds-in-bank-Pick-a-debt-fund.html,
49,11/28/2016,Mint-Money-Personal finance-time to up your equity investment in NPS,Mint,http://www.livemint.com/Money/SJ4vmvFWj5u6NfToqrskzO/Time-to-up-your-equity-investment-in-NPS.html,
50,12/27/2016,ET-MF-Analysis-Ask the expert,The Economic Times,http://economictimes.indiatimes.com/mf/analysis/mutual-fund-queries-answered-by-deepali-sen-founder-srujan-financial-advisors/articleshow/56195458.cms?prtpage=1,
51,1/4/2017,ET.com-Wealth-invest-How does joint holding in mutual funds work?,ET.com,http://economictimes.indiatimes.com/wealth/invest/how-does-joint-holding-in-mutual-funds-work/articleshow/56332287.cms?from=mobile,
52,2/6/2017,ET.com-NFO-Review-Axis Emerging Opportunities Fund Series 2,ET.com,http://economictimes.indiatimes.com/mf/analysis/nfo-review-axis-emerging-opportunities-fund-series-2/articleshow/56995506.cms,
53,2/22/2017,"ET-Markets-Stock-News-these mutual fund schemes have assets over Rs.10,000 cr.each",The Economic Times,http://economictimes.indiatimes.com/markets/stocks/news/these-mutual-fund-schemes-have-assets-over-rs-10000-crore-each/articleshow/57283993.cms,
54,3/3/2017,ET.com-MF-analysis-nris opting for index funds in india is a bad choice,ET.com,http://economictimes.indiatimes.com/mf/analysis/nris-opting-for-index-funds-in-india-is-a-bad-choice/articleshow/57446224.cms,
55,3/8/2017,ET.com-MF-analysis-Interview-Women should get involved in the investment process,ET.com,http://economictimes.indiatimes.com/mf/analysis/women-should-get-involved-in-the-investment-process/articleshow/57531305.cms,
56,3/21/2017,ET-MF-Analysis,The Economic Times,http://economictimes.indiatimes.com/mf/analysis/should-i-quit-birla-sun-life-dynamic-bond-fund/articleshow/57732661.cms,
57,3/24/2017,ET.com-MF-analysis-New investors should stay away from credit opportunities fund,ET.com,http://economictimes.indiatimes.com/mf/analysis/new-investors-should-stay-away-from-credit-opportunities-funds-say-experts/articleshow/57806733.cms,
58,4/6/2017,Morningstar-Archives-advisers catch the writing bug,Morningstar,http://www.morningstar.in/posts/40472/advisers-catch-the-writing-bug.aspx,
59,4/11/2017,ET.com-MF-analysis-Insipid performance of leading mutual fund schemes worries investors,ET.com,http://economictimes.indiatimes.com/mf/analysis/insipid-performance-of-leading-mutual-fund-schemes-worries-investors/articleshow/58121820.cms,
60,4/13/2017,ET.com-MF-analysis-Are you investing in the right hybrid fund,ET.com,http://economictimes.indiatimes.com/mf/analysis/-are-you-investing-in-the-right-hybrid-fund/articleshow/58161597.cms,
61,4/24/2017,Mint-Money-My plan-Early career financial plans can also be for short term,Mint,http://www.livemint.com/Money/CTCqEmtYZHrctIYMijYZXP/In-early-career-financial-plans-can-also-be-for-shortterm.html,
62,4/27/2017,"ET.com-MF-analysis-New to mutual funds,start with ultra short term funds say advisors",ET.com,http://economictimes.indiatimes.com/mf/analysis/new-to-mutual-funds-start-with-ultra-short-term-funds-say-advisors/articleshow/58392906.cms,
63,5/16/2017,ET.com-MF-analysis-Mantra for new mutual fund investors get back to basics,ET.com,http://economictimes.indiatimes.com/mf/analysis/mantra-for-new-mutual-fund-investors-get-back-to-basics/articleshow/58694970.cms,
64,5/23/2017,ET.com-MF-analysis-Ask ET mutual Funds-Shall I continue with my existing schemes,ET.com,http://economictimes.indiatimes.com/mf/analysis/ask-et-mutual-funds-shall-i-continue-with-my-existing-schemes/articleshow/58805406.cms,
65,5/23/2017,ET.com-MF-analysis-Ask ET mutual Funds-Am I investing in right schemes,ET.com,http://economictimes.indiatimes.com/mf/analysis/-ask-et-mutual-funds-am-i-investing-in-right-schemes/articleshow/58807123.cms,
66,5/29/2017,"CNBC Awaaz-Your money-credit rating decreases, what should the investor do?",CNBC Awaaz,http://hindi.moneycontrol.com/news/bonds/bonds-credit-rating-decrease-what-to-do-investor_160451.html,
67,5/31/2017,ET.com-MF-analysis-Should you book profits in small and mid cap schemes,ET.com,http://economictimes.indiatimes.com/mf/analysis/should-you-book-profits-in-mid-and-smallcap-schemes/articleshow/58923884.cms,
68,6/1/2017,ET.com-MF-analysis-What to do when downgrades hit your MF schemes,ET.com,http://economictimes.indiatimes.com/mf/analysis/what-to-do-when-downgrades-hit-your-mutual-fund-schemes/articleshow/58943073.cms,
69,7/11/2017,ET-MF-Analysis,The Economic Times,http://economictimes.indiatimes.com/mf/analysis/mutual-fund-queries-answered-by-deepali-sen-founder-srujan-financial-advisers/articleshow/59539848.cms,
70,7/20/2017,Business Standard-PF-News-Don't invest less only because inflation is low,Business Standard,http://www.business-standard.com/article/pf/don-t-invest-less-only-because-inflation-is-low-117071901649_1.html,
71,8/10/2017,"CNBC Awaaz-Your money-credit rating decreases, what should the investor do?",CNBC Awaaz,http://hindi.moneycontrol.com/news/retirement/your-money-get-rid-of-worry-of-retirement-gain-here_164367.html,
72,8/16/2017,Mint-Money-An insurance that can Work Like a child plan,Mint,http://www.livemint.com/Money/thjJ6mDjTKXpr2HWGoLKjJ/An-insurance-that-can-work-like-a-child-plan.html,
73,8/17/2017,ET.com-MF-analysis-Are dynamic asset allocation funds risk free,ET.com,http://economictimes.indiatimes.com/mf/analysis/are-dynamic-asset-allocation-mutual-funds-risk-free/articleshow/60102195.cms,
74,8/21/2017,Mint-Money-Plan a child after you plan the money,Mint,http://www.livemint.com/Money/QTNMBfkZAKz5OoH9S9Z1gK/Plan-a-child-after-you-plan-the-money.html,
75,8/31/2017,ET.com-MF-analysis-Are you resisting rebalancing your mutual fund portfolio ,ET.com,http://economictimes.indiatimes.com/mf/analysis/are-you-resisting-rebalancing-your-mutual-fund-portfolio/articleshow/60308304.cms,
76,8/31/2017,ET.com-MF-analysis-How much corpus will I have in 10 years,ET.com,http://economictimes.indiatimes.com/mf/analysis/how-much-corpus-will-i-have-in-10-years/articleshow/60306445.cms,
77,9/1/2017,ET hindi-Wealth-Nivesh,ET-Hindi,http://economictimes.indiatimes.com/hindi/wealth/nivesh/are-you-resisting-rebalancing-your-mutual-fund-portfolio/articleshow/60324132.cms?,
78,9/5/2017,ET.com-MF-analysis-Financial planning made easy,ET.com,http://economictimes.indiatimes.com/mf/analysis/financial-planning-made-easy/articleshow/60374078.cms??from=mdr,
79,9/6/2017,ET hindi-Wealth-Nivesh,ET-Hindi,http://economictimes.indiatimes.com/hindi/wealth/nivesh/financial-planning-made-easy/articleshow/60390353.cms,
80,9/4/2017,ET.com-MF-analysis-Can I continue with ICICI Prudential Banking and Financial Services Fund,ET.com,http://economictimes.indiatimes.com/mf/analysis/can-i-continue-with-icici-prudential-banking-and-financial-services-fund/articleshow/60362682.cms,
81,9/8/2017,ET.com-MF-analysis-Where Should I Invest Rs.40000 Via Monthly SIP,ET.com,http://economictimes.indiatimes.com/mf/analysis/where-should-i-invest-rs-40000-via-monthly-sip/articleshow/60421547.cms,
82,9/8/2017,Financial wellbeng camp-Moneyfifty 50 expo,Network fp,https://vimeo.com/235691204/4c1f1741b4,
83,9/11/2017,ET.com-MF-analysis-Where Should I Invest to get higher returns,ET.com,http://economictimes.indiatimes.com/mf/analysis/where-should-i-invest-to-get-higher-returns/articleshow/60461393.cms,
84,9/13/2017,ET-Markets-Stock-News-As portfolios swell investors seek second opinion to ensure financial wellbeing,The Economic Times,http://economictimes.indiatimes.com/markets/stocks/news/as-portfolios-swell-investors-seek-second-opinion-to-ensure-financial-well-being/articleshow/60490122.cms,
85,9/15/2017,"ET-Hindi-Wealth-Personal Finance-Send your child to government school,save for higher education",ET-Hindi,http://economictimes.indiatimes.com/hindi/wealth/personal-finance/send-your-child-to-govt-school-save-for-higher-education/articleshow/60528250.cms?from=mdr,
86,10/12/2017,ET.com-MF-analysis-Can I stay invested in these schemes,ET.com,http://economictimes.indiatimes.com/mf/analysis/can-i-stay-invested-in-these-schemes/articleshow/61050121.cms,
87,10/12/2017,"ET.com-MF-analysis-Where Should I Invest Rs.6,000 for 10 years",ET.com,http://economictimes.indiatimes.com/mf/analysis/where-should-i-invest-rs-6000-for-10-years/articleshow/61049557.cms,
88,10/13/2017,ET.com-MF-analysis-Should I invest in a single scheme or diversify my investments,ET.com,https://economictimes.indiatimes.com/mf/analysis/should-i-invest-in-a-single-scheme-or-diversify-my-investments/articleshow/61063970.cms,
89,10/30/2017,Mint-Money-My Plan-Financial planning has helped me get rid of my insecurities,Mint,http://www.livemint.com/Money/LWtMW0JCjEhoJYkMVct19J/Financial-planning-has-helped-me-get-rid-of-my-insecurities.html,
90,11/3/2017,ET.com-MF-analysis-How to link your Mutual Funds investments with Aadhar on your own,ET.com,https://economictimes.indiatimes.com/mf/analysis/how-to-link-your-mutual-fund-investments-with-aadhaar-on-your-own/articleshow/61457719.cms,
91,11/9/2017,ET.com-MF-analysis-MF advisors worried about new investors on demonetisation anniversary,ET.com,https://economictimes.indiatimes.com/mf/analysis/mutual-fund-advisors-worried-about-new-investors-on-demonetisation-anniversary/articleshow/61574464.cms,
92,11/9/2017,ET-Hindi-Wealth-Personal Finance-MF advisors worried about new investors on demonetisation anniversary,ET-Hindi,https://economictimes.indiatimes.com/hindi/wealth/nivesh/mutual-fund-advisors-worried-about-new-investors/articleshow/61575973.cms,
93,11/10/2017,ET-Hindi-Wealth-financial literacy teaches how to balance income and expenditure,ET-Hindi,https://economictimes.indiatimes.com/hindi/wealth/kharch/financial-literacy-teaches-how-to-balance-income-and-expenditure/articleshow/61588929.cms?utm_source=WAPusers&utm_medium=whatsappshare&utm_campaign=socialsharebutton&from=mdr,
94,11/13/2017,"ET-Markets-Stock-News-Choose short term debt funds for better returns, say experts",The Economic Times,https://economictimes.indiatimes.com/markets/stocks/news/choose-short-term-debt-funds-for-better-returns-say-experts/articleshow/61622115.cms,
95,11/14/2017,ET-MF-Learn-Ask the experts-fund Basics-MF queries answered by Deepali Sen,The Economic Times,https://economictimes.indiatimes.com/mf/learn/ask-the-expert/mutual-funds-queries-by-deepali-sen-founder-srujan-financial-advisors/articleshow/61631263.cms,
96,11/16/2017,ET-Hindi-Wealth-bachat-financial discipline is necessary then planning,ET-Hindi,https://economictimes.indiatimes.com/hindi/wealth/bachat/financial-discipline-is-necessary-then-planing-know-why/articleshow/61669457.cms,
97,11/23/2017,ET.com-MF-analysis-MF advisors worried ask investors to stay away from dynamic bond funds,The Economic Times,https://economictimes.indiatimes.com/mf/analysis/mutual-fund-advisors-ask-investors-to-stay-away-from-dynamic-bond-funds/articleshow/61767320.cms,
98,11/28/2017,ET.com-MF-analysis-category review-new elss investors are making some common mistakes say Mutual fund advisors,ET.com,https://economictimes.indiatimes.com/mf/analysis/new-elss-investors-are-making-some-common-mistakes-say-mutual-fund-advisors/articleshow/61835057.cms,
99,11/29/2017,ET.com-MF-analysis-do not invest a lumpsum in elss now say mf advisors,,https://economictimes.indiatimes.com/mf/analysis/do-not-invest-a-lumpsum-in-elss-now-say-mutual-fund-advisors/articleshow/61848708.cms,
100,11/29/2017,ET-Hindi-Wealth-nivesh-new elss investors are making some common mistakes say mutual fund advisors,ET.com,https://economictimes.indiatimes.com/hindi/wealth/nivesh/new-elss-investors-are-making-some-common-mistakes-say-mutual-fund-advisors/articleshow/61846444.cms,
101,11/30/2017,ET.com-MF-analysis-dividend option in an elss is a very bad idea,,https://economictimes.indiatimes.com/mf/analysis/dividend-option-in-elss-is-a-very-bad-idea-say-mutual-fund-advisors/articleshow/61862533.cms,
102,12/5/2017,ET.com-wealth-invest-robo financial advisors will suit this kind of person,ET.com,https://economictimes.indiatimes.com/wealth/invest/robo-financial-advisors-will-suit-this-kind-of-person/articleshow/61880214.cms,
103,12/20/2017,ET.com-MF-analysis-should I tweak my grandparents mutual funds portfolio,ET.com,https://economictimes.indiatimes.com/mf/analysis/should-i-tweak-my-grandparents-mutual-fund-portfolio/articleshow/62178866.cms,
104,12/21/2017,ET.com-MF-analysis-am I investing enough for my child's education and marriage,ET.com,https://economictimes.indiatimes.com/mf/analysis/am-i-investing-enough-for-my-childs-education-and-marriage/articleshow/62192233.cms,
105,12/21/2017,ET.com-MF-analysis-where should a retired person invest for monthly income,ET.com,https://economictimes.indiatimes.com/mf/analysis/where-should-a-retired-person-invest-for-monthly-income/articleshow/62193691.cms,
106,12/21/2017,ET.com-MF-analysis-should I stop my sips,ET.com,https://economictimes.indiatimes.com/mf/analysis/should-i-stop-my-sips/articleshow/62190007.cms,
107,12/25/2017,Mint-Personal Finance-Duration risk put debt funds on a slow trach in 2017,Mint,http://www.livemint.com/Money/AxmYRnaE3iUFaLL6q0XfOK/Duration-risk-put-debt-funds-on-a-slow-track-in-2017.html,
108,1/4/2018,Mint-Personal Finance-New year resolutions for your hard earned money,Mint,http://www.livemint.com/Money/8vHkWD4wpD7U8DYixjVq3O/New-Year-resolutions-for-your-hardearned-money.html,
109,1/8/2018,Mint-Personal Finance-My Plan- We became comfortable with equity as a long term vehicle,Mint,http://www.livemint.com/Money/oRVwHAnWdtTwUrafztupEJ/We-became-comfortable-with-equity-as-a-longterm-vehicle-of.html,
110,1/10/2018,ET.com-MF-analysis-should I get out of canara robeco dynamic bond fund,Mint,https://economictimes.indiatimes.com/mf/analysis/should-i-get-out-of-canara-robeco-dynamic-bond-fund/articleshow/62426443.cms,
111,1/19/2018,Café mutual-news-business development-what to do if your client's income is irregular,Café Mutual,http://cafemutual.com/news/business-development/720-what-do-you-do-if-your-clients-income-is-irregular,
112,1/19/2018,ET.com-MF-analysis-your retirement might be closer than you think,ET.com,https://economictimes.indiatimes.com/mf/analysis/your-retirement-might-be-closer-than-you-think/articleshow/62565864.cms,
113,1/23/2018,ET.com-MF-analysis-where should I invest rs 4000 per month,ET.com,https://economictimes.indiatimes.com/mf/analysis/where-should-i-invest-rs-4000-per-month/articleshow/62616065.cms,
114,1/23/2018,ET.com-MF-analysis-is hdfc mid cap opportunities fund good for sip,ET.com,https://economictimes.indiatimes.com/mf/analysis/is-hdfc-mid-cap-opportunities-fund-good-for-sip/articleshow/62620208.cms,
115,1/31/2018,ET.com-MF-analysis-MF advisors ask investors to cut down equity exposure,ET.com,https://economictimes.indiatimes.com/mf/analysis/mutual-fund-advisors-ask-investors-to-cut-down-equity-exposure/articleshow/62720887.cms,
116,2/16/2018,ET.com-MF-analysis-best mutual funds to invest for 15 years,ET.com,https://economictimes.indiatimes.com/mf/analysis/best-mutual-fund-to-invest-for-15-years/articleshow/62932386.cms,
117,2/16/2018,ET.com-MF-analysis-what is the easy way to invest directly in mutual funds,ET.com,https://economictimes.indiatimes.com/mf/analysis/what-is-the-easy-way-to-invest-directly-in-multiple-funds/articleshow/62932296.cms,
118,2/19/2018,ET.com-MF-analysis-Does it make sense to continue with your SIPs in a volatile market,ET.com,https://economictimes.indiatimes.com/mf/analysis/does-it-make-sense-to-continue-with-your-sips-in-a-volatile-market/articleshow/62982517.cms,
119,2/26/2018,Mint-Personal Finance-should we cheer the hike in NPS equity cap,Mint,http://www.livemint.com/Money/Zepkb0naGLypsSLhBR4nGO/Should-we-cheer-the-hike-in-NPS-equity-cap.html,
120,2/27/2018,ET.com-MF-Analysis-Do I need to pay any tax while selling my mutual funds,ET.com,https://economictimes.indiatimes.com/mf/analysis/do-i-need-to-pay-any-tax-while-selling-my-mutual-funds/articleshow/63096247.cms,
121,2/28/2018,ET.com-MF-analysis-where should I invest to create Rs.50lacs in 20 years,ET.com,https://economictimes.indiatimes.com/mf/analysis/where-should-i-invest-to-create-rs-50-lakh-in-20-years/printarticle/63091201.cms,
122,3/5/2018,ET.com-MF-analysis-should I show my Mutual Fund details in ITR this year,ET.com,https://economictimes.indiatimes.com/mf/analysis/should-i-show-my-mutual-fund-details-in-itr-this-year/printarticle/63168047.cms,
123,3/12/2018,Mint-Personal Finance-Short term funds in long term portfolio,Mint,http://www.livemint.com/Money/Z5h6hOfXy1NfVc4vI0wZXI/Shortterm-funds-in-longterm-portfolios.html,
124,3/14/2018,ET.com-MF-analysis-how to create a corpus of Rs. 1 cr,ET.com,https://economictimes.indiatimes.com/mf/analysis/how-to-create-a-corpus-of-rs-1-crore/articleshow/63297412.cms,
125,3/26/2018,ET.com-MF-analysis-have you done your tax saving right,ET.com,https://economictimes.indiatimes.com/wealth/tax/have-you-done-your-tax-saving-right/articleshow/63464892.cms,
126,3/28/2018,ET.com-MF-analysis-reliance mf is merging its focused large cap with mid and small cap fund what should you do,ET.com,https://economictimes.indiatimes.com/mf/analysis/reliance-mf-is-merging-its-focused-large-cap-fund-with-mid-and-small-cap-fund-what-should-you-do/articleshow/63500374.cms,
127,3/31/2018,Samachar Live-Success Stories,Samachar Live,http://www.samacharlive.com/Business/interview-with-deepali-sen-srujan-financial-advisers,
128,4/2/2018,Mint-Money-Money mistakes to overcome in the new financial year,Mint,https://www.livemint.com/Money/GvIxkfMfVAUpmjvv3oalYJ/Money-mistakes-to-overcome-in-the-new-financial-year.html,
129,4/4/2018,ET.com-MF-analysis-your balanced mutual fund scheme may become aggressive soon should you worry,ET.com,https://economictimes.indiatimes.com/mf/analysis/your-balanced-mutual-fund-scheme-may-become-aggressive-soon-should-you-worry/articleshow/63611971.cms,
130,4/11/2018,ET.com-MF-analysis-child and retirement plans to have 5 year lock-in period should you stay away from them,ET.com,https://economictimes.indiatimes.com/mf/analysis/child-and-retirement-plans-to-have-5-year-lock-in-period-should-you-stay-away-from-them/articleshow/63707954.cms,
131,4/18/2018,ET.com-MF-analysis-how much gold should you have in your investment portfolio,ET.com,https://economictimes.indiatimes.com/wealth/invest/how-much-gold-should-you-have-in-your-investment-portfolio/articleshow/63801455.cms,
132,4/19/2018,ET.com-MF-analysis-will I be able to make Rs.1 cr in 20 years,ET.com,https://economictimes.indiatimes.com/mf/analysis/will-i-be-able-to-make-rs-1-crore-in-20-years/articleshow/63831168.cms,
133,4/24/2018,ET.com-MF-how to create a healthy retirement corpus in 15 years,ET.com,https://economictimes.indiatimes.com/mf/analysis/how-to-create-a-healthy-retirement-corpus-in-15-years/articleshow/63891403.cms,
134,4/25/2018,ET.com-MF-will these schemes help me to build a corpus for my daughter's college fees,ET.com,https://economictimes.indiatimes.com/mf/analysis/will-these-schemes-help-me-to-build-a-corpus-for-my-daughtercollege-fee/articleshow/63908043.cms,
135,4/27/2018,ET.com-MF-which is the best scheme to invest for 3 years,ET.com,https://economictimes.indiatimes.com/mf/analysis/which-is-the-best-scheme-to-invest-for-three-years/articleshow/63935463.cms,
136,5/9/2018,ET.com-MF-what to do when your Mutual Fund CIO quits,ET.com,https://economictimes.indiatimes.com/mf/analysis/what-to-do-when-your-mutual-fund-cio-quits/articleshow/64092148.cms,
137,5/14/2018,Mint-money-good credit score can get you a cheaper home loan,Mint,https://www.livemint.com/Money/FqOyYUMDmKjvMZ2usQTMZO/Good-credit-score-can-get-you-a-cheaper-home-loan.html,
138,5/14/2018,The pottery lab of Rekha Goyal,Pottery Lab,https://www.facebook.com/middayindia/videos/10156033486835709/,
139,5/20/2018,,,https://www.livemint.com/Money/rYr79D9u78wjMg8qCUufGK/How-moms-can-take-care-of-finance.html,
140,6/11/2018,"HT money-You must try to raise your savings, lifestyle, The Hindustan Times-HT Money-Gurugram",HT,http://paper.hindustantimes.com/epaper/viewer.aspx,
141,6/18/2018,DNA-business-personal finance-transfer your risk using insurance,DNA,http://www.dnaindia.com/personal-finance/report-transfer-your-risk-using-insurance-2626414,
142,6/18/2018,Home-money-money management mantras for would be fathers,Mint,https://www.livemint.com/Money/XIAOiY3pt2zAu64xYwZRDO/Money-management-mantras-for-wouldbe-fathers.html,
143,6/21/2018,Home-money-international yoga day-an early start can work wonders,Mint,https://www.livemint.com/Money/q7zNFhncv5QvmbtCUKY1ZL/International-Yoga-Day-An-early-start-can-work-wonders-for.html,
144,6/20/2018,"Home-money-got your increment, here's how to make the most of your salary",Mint,https://www.livemint.com/Money/bWSapKN3lV1R1ocTv8VRlN/Got-your-increment-Heres-how-to-make-the-most-of-your-sala.html,
145,7/4/2018,ET.com-MF-analysis-does it make more sense to invest in index mutual funds after recategorization,ET.com,https://economictimes.indiatimes.com/mf/analysis/does-it-make-more-sense-to-invest-in-index-mutual-funds-after-re-categorisation/articleshow/64850889.cms,
146,7/13/2018,ET.com-MF-Analysis-Bestmutual fund scheme to invest for six months,ET.com,https://economictimes.indiatimes.com/mf/analysis/best-mutual-fund-scheme-to-invest-for-six-months/articleshow/64971073.cms,
147,7/16/2018,ET.com-MF-Analysis-Will my MF portfolio help me achieve my goal,ET.com,https://economictimes.indiatimes.com/mf/analysis/will-my-mutual-fund-portfolio-help-me-achieve-my-goal/printarticle/65004941.cms,
148,8/1/2018,DNA-business-personal finance-money sense-don't let your debt tie you down,DNA,http://www.dnaindia.com/personal-finance/column-financial-planning-don-t-let-your-debt-tie-you-down-2644045,
149,8/1/2018,ET.com-MF-Analysis-will I be able to generate 20% CAGR,ET.com,https://economictimes.indiatimes.com/mf/analysis/will-i-be-able-to-generate-20-per-cent-cagr/articleshow/65224967.cms,
150,8/7/2018,ET.com-MF-Analysis-Should I continue with my MF portfolio,ET.com,https://economictimes.indiatimes.com/mf/analysis/should-i-continue-with-my-mutual-fund-portfolio/articleshow/65308020.cms,
151,8/8/2018,"Mint-Personal Finance-My Plan-Broke at the end of every month, hire a financial planner",Mint,https://www.livemint.com/Money/zPTwQBeSajmu0mPOe6oVuO/Broke-at-the-end-of-every-month-Hire-a-financial-planner.html,
152,8/8/2018,ET.com-MF-Analysis-Multicap schemes are the best bet at this point of time say MF advisors,ET.com,https://economictimes.indiatimes.com/mf/analysis/multicap-schemes-are-the-best-bet-at-this-point-say-mutual-fund-advisors/articleshow/65317742.cms,
153,8/8/2018,ET.com-MF-Analysis-How to create a corpus to clear my home loan in seven years,ET.com,https://economictimes.indiatimes.com/mf/analysis/how-to-create-a-corpus-to-clear-my-home-loan-in-seven-years/articleshow/65319984.cms,
154,8/13/2018,The Hindustan Times- HT money-Order of the day. Save Money,Hindustan Times,http://paper.hindustantimes.com/epaper/viewer.aspx,
155,8/22/2018,ET.com-MF-Analysis-NFO review-BNP Paribas India Consumption Fund,ET.com,https://economictimes.indiatimes.com/mf/analysis/nfo-review-bnp-paribas-india-consumption-fund/articleshow/65498154.cms,
156,8/29/2018,DNA-business-personal finance-financial planning is both an art and science,DNA,https://www.dnaindia.com/personal-finance/column-financial-planning-is-both-an-art-and-science-2656133,
157,9/11/2018,UTI MF-UTI Swatantra-Empower yourself with investment knowledge starting now,FB live-UTI MF,https://www.facebook.com/utimutualfund/videos/491071224692274/UzpfSTEwODM3NDIzMzc6MTAyMTQyMTA0MjY3MDk2Mzc/?q=uti%20mutual%20fund,
158,9/20/2018,,Glamrs-You tube live,https://www.youtube.com/watch?v=f6P1EYQizIM,
159,9/20/2018,,Glamrs-Fb live,https://www.facebook.com/ClubGlamrs/videos/244511136266587/UzpfSTEwODM3NDIzMzc6MTAyMTQyNjk4ODY3OTYxMDI/,
160,9/24/2018,"DNA-business-personal finance-financial planning start early, invest in equities for your retirement",DNA,https://www.dnaindia.com/personal-finance/report-financial-planning-start-early-invest-in-equities-for-retirement-2666956,
161,9/26/2018,Mint-personal finance-keeping a conscience without worrying about financial goals,Mint,https://www.livemint.com/Money/uJ7cDAMCmZkbjia9VI3MdL/Keeping-a-conscience-without-worrying-about-financial-goals.html,
162,10/1/2018,Mint-personal finance-Why it's important to ascertain risk appetite before investing,Mint,https://www.livemint.com/Money/acOEUdiTuf5Ga0UJ08uUpL/Why-its-important-to-ascertain-risk-appetite-before-investi.html,
163,10/8/2018,ET.com-MF-Analysis-Where to invest Rs.44 lacs for 10 years,ET.com,https://economictimes.indiatimes.com/mf/analysis/where-to-invest-rs-44-lakh-for-10-years/articleshow/66115432.cms,
164,10/9/2018,ET.com-MF-Analysis-Mutual Funds for daughters education and marriage,ET.com,https://economictimes.indiatimes.com/mf/analysis/mutual-funds-for-daughters-education-and-marriage/printarticle/66134428.cms,
165,10/12/2018,ET.com-MF-Analysis-Shoukd I continue my SIP in Reliance Small Cap Fund?,ET.com,https://economictimes.indiatimes.com/mf/analysis/should-i-continue-my-sip-in-reliance-small-cap-fund/articleshow/66181861.cms,
166,10/12/2018,"Mint-personal finance-Mutual Fund SIP invetors stay put, but pace of fresh investments slows",Mint,https://www.livemint.com/Money/bXV8QOtSG0p9ihDzAhf5KK/Mutual-fund-SIP-investors-stay-put-but-pace-of-fresh-invest.html,
167,10/16/2018,ET.com-MF-Analysis-Should you bet on dynamic asset allocation funds in the current market?,ET.com,https://economictimes.indiatimes.com/mf/analysis/should-you-bet-on-dynamic-asset-allocation-funds-in-the-current-market/articleshow/66232430.cms,
168,10/16/2018,Mint-personal finance-Should you rejig your fixed income investments when rates rise?,Mint,https://www.livemint.com/Money/1i89rvyGtUBzSYAWPsW9zJ/Should-you-rejig-your-fixed-income-investments-when-rates-ri.html,
169,10/17/2018,DNA-business-personal finance-financial planning-Budgeting is critical for achieving goals,DNA,https://www.dnaindia.com/personal-finance/column-financial-planning-budgeting-is-critical-for-achieving-goals-2676107,
170,11/6/2018,The Hindustan Times- HT money-This Diwali think before spending,Hindustan Times,https://www.pressreader.com/india/hindustan-times-st-mumbai/20181105/282132112453957,
171,11/7/2018,DNA-business-personal finance-Investment Planning-Attract abundance this festive season,DNA,https://www.dnaindia.com/personal-finance/column-investment-planning-attract-abundance-this-festive-season-2683437,
172,11/9/2018,ET.com-Wealth-Plan-6 financial mistakes to avoid this festive season,ET.com,https://economictimes.indiatimes.com/wealth/plan/6-financial-mistakes-to-avoid-this-festive-season/articleshow/66511987.cms,
173,11/13/2018,ET.com-MF-Analysis-Should you bet on dynamic asset allocation funds in the current market?,ET.com,https://economictimes.indiatimes.com/mf/analysis/how-to-build-an-ideal-mutual-fund-portfolio/articleshow/66600829.cms,
174,11/14/2018,Mint-personal finance-Money lessons for children,Mint,https://www.livemint.com/Money/9yMNOlA5an4oGi72FoQjLK/Money-lessons-for-children-Applying-concepts-to-daytoday.html,
175,11/20/2018,The Hindustan Times- HT money-Don't get in a financial knot,Hindustan Times,https://www.pressreader.com/,
176,11/24/2018,"Mint- Money-Getting married,financial mistakes you should avoid",Mint,https://www.livemint.com/Money/HFDKYFTGuiBbkgz5MhwfQO/Getting-married-Financial-mistakes-you-should-avoid.html,
177,11/26/2018,The Hindustan Times- HT money-All about helping parents,Hindustan Times,https://www.livemint.com/Money/rzza9Zttd1OKzNCRfTMZ3H/All-about-helping-parents-in-managing-their-finances.html,
178,11/28/2018,ET.com-MF-Analysis-Jittery MF investors dial their advisors,ET.com,https://economictimes.indiatimes.com/mf/analysis/jittery-debt-mutual-fund-investors-dial-their-advisors/articleshow/66840187.cms,
179,12/1/2018,Mint- Money-All about helping parents in managing their finances,Mint,https://www.livemint.com/Money/rzza9Zttd1OKzNCRfTMZ3H/All-about-helping-parents-in-managing-their-finances.html,
180,12/5/2018,Mint- Money-Creating a financial safety net for a child is crucial,Mint,https://www.livemint.com/Money/IqS44bT6uDNxbjY6E9IYAI/Creating-a-financial-safety-net-for-a-child-is-crucial-plan.html,
181,12/5/2018,ET.com-MF-Analysis-Secret ingredient to create a large retirement fund is time say Mutual Fund experts,ET.com,https://economictimes.indiatimes.com/mf/analysis/secret-ingredient-to-create-a-large-retirement-fund-is-time-say-mutual-fund-advisors/articleshow/66948613.cms,
182,12/6/2018,ET.com-MF-Analysis-Do I need to make changes in my MF portfolio,ET.com,https://economictimes.indiatimes.com/mf/analysis/do-i-need-to-make-changes-in-my-mutual-fund-portfolio/printarticle/66969614.cms,
183,12/10/2018,DNA-DNA money-Personal Finance-Investment-Inflation and taxes are money's enemies,DNA,https://www.dnaindia.com/personal-finance/column-investment-inflation-and-taxes-are-money-s-enemies-2694017,
184,12/19/2018,Mint-Personal Finance-My Plan-I got cheated as I didn't know how to invest,Mint,https://www.livemint.com/Money/LRsJbn1RD8GohZbt0qIofJ/I-got-cheated-as-I-didnt-know-how-to-invest.html,
185,12/19/2018,"Mint-Personal Finance-HNIs and ultra HNIs are shifting to financial assets, should you?",Mint,https://www.livemint.com/Money/nddq3jL4r0MvFMIVHAgSoN/HNIs-and-ultra-HNIs-are-shifting-to-financial-assets-Should.html,
186,12/20/2018,Mint-Personal Finance-Indian millionaires lead wealth growth in Asia Pacific,Mint,https://www.livemint.com/Money/52FYGfWLAY5ilBvGrod35I/Indian-millionaires-lead-wealth-growth-in-Asia-Pacific-but.html,
187,12/28/2018,ET.com-Wealth-Invest-Highest risk is often not taking any risk at all,ET.com,https://economictimes.indiatimes.com/wealth/invest/highest-risk-is-often-not-taking-any-risk-at-all-deepali-sen-founder-srujan-financial-advisors/articleshow/67282251.cms,
188,12/31/2018,Mint-Personal Finance-Keeping clients prepared for market volatility is the key,Mint,https://www.livemint.com/Money/5XT9HDVsFH5d97hnkdcezM/Keeping-clients-prepared-for-market-volatility-is-the-key.html,
189,1/2/2019,DNA-DNA Money-Personal Finance-Act on your financial plan this yeat,DNA,https://www.dnaindia.com/personal-finance/column-investment-act-on-your-financial-plan-in-the-new-year-2703150,
190,1/3/2019,ET.com-Wealth-Invest- Why betting on debt mutual funds is important in 2019,ET.com,https://economictimes.indiatimes.com/wealth/invest/why-betting-on-debt-mutual-funds-is-important-in-2019/articleshow/67361587.cms,
191,1/2/2019,Mint-Personal Finance-Five investment lessons for new year,Mint,https://www.livemint.com/Money/PYedQLFZMAI5zITD6WPP3O/Five-investment-lessons-for-New-Year.html,
192,1/5/2019,Mint-Money-How to create an emergency fund using mutual funds,Mint,https://www.livemint.com/Money/NZ9QmNsnZsV9ntcA4zmeaN/How-to-create-an-emergency-fund-using-mutual-funds.html,
193,1/8/2019,Mint-Personal Finance-5 smart things to do in 2019,Mint,https://www.livemint.com/Money/hx0dmdg1vncqXmfNiAaEJM/5-smart-things-to-do-in-2019-to-organise-your-financial-life.html,
194,1/10/2019,Mint-Personal Finance-Tough questions to ask when making a marriage budget,Mint,https://www.livemint.com/Money/TdpsnDWh4SmnLeO7jFtavK/Tough-questions-to-ask-yourself-when-making-a-wedding-budget.html,
195,1/18/2019,ET.com-MF analysis- Does my MF portfolio look good for an aggressive investor,ET.com,https://economictimes.indiatimes.com/mf/analysis/does-my-mutual-fund-portfolio-look-good-for-an-aggressive-investor/articleshow/67567744.cms,
196,1/23/2019,"Mint-Personal Finance-Women bought 32% of life insurance polocies in 2017-18, shows IRDAI data",Mint,https://www.livemint.com/money/personal-finance/women-bought-32-of-life-insurance-policies-in-2017-18-shows-irdai-data-1548171444179.html,
197,1/23/2019,ET.com-MF-Analysis-Will these mutual funds help me buy a house in 10 years,ET.com,https://economictimes.indiatimes.com/mf/analysis/will-these-mutual-funds-help-me-buy-a-house-in-10-years/articleshow/67656222.cms,
198,1/25/2019,ET.com-MF-Analysis-Are gains from equity mutual funds free for NRIs,ET.com,https://economictimes.indiatimes.com/mf/analysis/are-gains-from-equity-mutual-funds-tax-free-for-nris/articleshow/67684584.cms,
199,1/28/2019,DNA-DNA Money-Personal Finance-Financial Planning-Declutter and organize your financial life,DNA,https://www.dnaindia.com/personal-finance/column-financial-planning-declutter-and-organise-your-financial-assets-2712799,
200,2/6/2019,Mint-Personal Finance-Why paying your credit card on time is important,Mint,https://www.livemint.com/money/personal-finance/why-paying-your-credit-card-bills-on-time-is-important-1549386606165.html,
201,2/25/2019,DNA-DNA Money-Personal Finance-Investment: How to make your portfolio effective,DNA,https://www.dnaindia.com/personal-finance/column-investment-how-to-make-your-portfolio-effective-2723631,
202,2/25/2019,Mint-Personal Finance-Opinion-Should you invest in NCDs in the current market conditions,Mint,https://www.livemint.com/money/personal-finance/opinion-should-you-invest-in-ncds-in-current-market-conditions-1551025666582.html,
203,3/6/2019,DNA-DNA Money-Women need to master the art of investing,DNA,https://www.dnaindia.com/personal-finance/report-women-need-to-master-the-art-of-investing-2726778,
204,3/7/2019,Mint-Personal Finance-Benefits and achemes the financial sector offers for women,Mint,https://www.livemint.com/money/personal-finance/benefits-and-schemes-the-financial-sector-offers-for-women-1551883069605.html,
205,3/8/2019,ET.com-MF-Analysis-Women believe it's not their job to manage money,ET.com,https://economictimes.indiatimes.com/mf/analysis/women-believe-it-is-not-their-job-to-manage-money/articleshow/68317413.cms,
206,3/19/2019,Mint-Personal Finance-Light the fire and lose the fear of getting fired,Mint,https://www.livemint.com/money/personal-finance/light-the-fire-and-lose-the-fear-of-getting-fired-1552921001005.html,
207,3/26/2019,ET.com-MF-Analysis-Should my retired father invest in HDFC Hybrid Equity Fund?,ET.com,https://economictimes.indiatimes.com/mf/analysis/should-my-retired-father-invest-in-hdfc-hybrid-equity-fund/articleshow/68580008.cms,
208,3/27/2019,Mint-Personal Finance-My Plan-I didn'y invest in equity as I saw too much risk,Mint,https://www.livemint.com/mutual-fund/mf-news/-i-didn-t-invest-in-equity-as-i-saw-too-much-risk-1553616028492.html,
209,3/27/2019,Mint-Personal Finance-Four investment products that didn't deliver in the last decade,Mint,https://www.livemint.com/money/personal-finance/four-investment-products-that-didn-t-deliver-in-the-last-decade-1553611092170.html,
210,4/1/2019,"The Hindustan Times-Don't rush, plan in advance",HT,https://pressreader.com/@nickname11781355/csb_IT1gMjWxAF_ff6rHD7EoiiKWBnCFNsWSEJdJux5qTYhVhgxNoBtcJJeTiJ--xrZ-,
211,4/11/2019,Mint-Personal Finance-3 Mutual Fund trends to show show what FY 19 meant for investors,Mint,https://www.livemint.com/mutual-fund/mf-news/3-mutual-fund-trends-to-show-what-fy19-meant-for-investors-1554909765753.html,
212,4/17/2019,DNA-DNA Money-Stay focused on your financial goals,DNA,https://www.dnaindia.com/personal-finance/column-stay-focused-on-your-financial-goals-2740328,
213,4/22/2019,"Mint-MF-MF News-Three ADAG companies downgraded, Reliance Nippon AMC has highest debt exposure",Mint,https://www.livemint.com/mutual-fund/mf-news/three-adag-companies-downgraded-reliance-nippon-amc-has-highest-debt-exposure-1555925088906.html,
214,5/3/2019,ET.com-MF-Analysis-How to stay focused on your financial goals,ET.com,https://economictimes.indiatimes.com/mf/analysis/how-to-stay-focused-on-your-financial-goals/articleshow/69156927.cms,
215,5/7/2019,The Hindustan Times-The perfect finance gift you can give to your mother,HT,https://www.hindustantimes.com/business-news/the-perfect-finance-gift-you-can-give-your-mother/story-TqmgdmPmaDmVLpksRtBzbK.html,
216,5/13/2019,Mint-Personal Finance- Its important for single moms to get a grip on their finances,Mint,https://www.livemint.com/money/personal-finance/it-s-important-for-single-moms-to-get-a-grip-on-their-finances-1557650901421.html,
217,5/15/2019,"Cnbctv18.com-Trade truths-Men are great risk takers but women produce better returns, says research",CNBC TV 18.COM,https://www.cnbctv18.com/personal-finance/trade-truths-men-are-great-risk-takers-but-women-produce-better-returns-says-research-3338851.htm,
218,5/20/2019,DNA-Financial Planning-Any time is good for savings and investments,DNA,https://www.dnaindia.com/personal-finance/column-financial-planning-any-time-is-good-for-savings-and-investments-2751010,
219,5/20/2019,HT-HT money-First pay cheque moment,HT,https://www.hindustantimes.com/business-news/investment-plans-of-millenials-for-first-pay-cheque-moment/story-W6D2DWKvY1TWMOeSkNDpDJ.html,
220,5/23/2019,LiveMint-Mutual Fund- MF news-DHFL Pramerica MF merges schemes with risk debt launches side pocket in 2 FMPs,Mint,https://www.livemint.com/mutual-fund/mf-news/dhfl-pramerica-mf-merges-schemes-with-risk-debt-launches-side-pocket-in-2-fmps-1558622922251.html,
221,5/28/2019,LiveMint-Money- Personal Finance- Professional loans can help set up your practice,Mint,https://www.livemint.com/money/personal-finance/professional-loans-can-help-set-up-your-practice-1558970002681.html,
222,6/10/2019,DNA-Personal Finance- You can't be old and without money,DNA,https://www.dnaindia.com/personal-finance/column-you-can-t-be-old-and-without-money-2759012,
223,6/10/2019,LiveMint-Money- Personal Finance- Couples can keep there money separate and still share loans,Mint,https://www.livemint.com/money/personal-finance/couples-can-keep-their-money-separate-and-still-share-goals-1560072258773.html,
224,6/27/2019,LiveMint-Money- Personal Finance- Plan ahead to back your child's sports ambitions,Mint,https://www.livemint.com/money/personal-finance/plan-ahead-to-back-your-child-s-sports-ambitions-1561573111925.html,
225,6/28/2019,Café mutual-news-edelweiss insights- why adviosr zaroori hai,Café Mutual,https://cafemutual.com/news/edelweiss-insights/16700-why-advisorzaroorihai,
226,7/10/2019,ET.com-MF-Analysis-Know your debt funds-Everything you wanted to know about credit risk Mutual Fund,ET.com,https://economictimes.indiatimes.com/mf/analysis/knowyourdebtfunds-everything-you-need-to-know-about-credit-risk-mutual-funds/articleshow/70154234.cms,
227,7/10/2019,DNA-Personal Finance- Contribution of women in finance is integral,DNA,https://www.dnaindia.com/personal-finance/column-contribution-of-women-in-finance-is-integral-2770230,
228,7/18/2019,LiveMint-Money- Personal Finance- Expert speak-is cpse etf a good tax saving option?,Mint,https://www.livemint.com/money/personal-finance/is-cpse-etf-a-good-tax-saving-option-under-elss-category-1563214720833.html,
229,7/22/2019,ET.com-MF-Analysis-Will thsese MFs help me to achieve 5 cr.in 20 years,ET online,https://economictimes.indiatimes.com/mf/analysis/will-these-mutual-funds-help-me-to-achieve-rs-5-crore-in-20-years/articleshow/70328828.cms,
230,7/24/2019,ET.com-MF-Analysis-Debt Mutual Funds are still relevant,ET online,https://economictimes.indiatimes.com/mf/analysis/debt-mutual-funds-are-still-relevant-to-most-investors/articleshow/70358010.cms,
231,7/24/2019,ET.com-MF-Analysis-Do I need to change anything in my MF portfolio,ET online,https://economictimes.indiatimes.com/mf/analysis/do-i-need-to-change-any-scheme-in-my-mutual-fund-portfolio/articleshow/70358542.cms,
232,7/24/2019,ET.com-MF-Analysis-Should you invest in ultra short duration funds for extra returns,ET online,https://economictimes.indiatimes.com/mf/analysis/should-you-invest-in-ultra-short-duration-funds-for-extra-returns/articleshow/70359291.cms,
233,7/25/2019,Moneypuzzle.in/ Expert bytes/planning/the finance of marriage,Money puzzle,https://moneypuzzle.in/expert-byte/the-finance-of-marriage/,
234,7/26/2019,ET.com-MF-Analysis-Best Mutual Funds to create maximum wealth,ET online,https://economictimes.indiatimes.com/mf/analysis/best-mutual-funds-to-create-maximum-wealth/articleshow/70391093.cms,
235,8/2/2019,ET.com-MF-Are your equity mutual fund portfolios in red here's what you should do,ET online,https://economictimes.indiatimes.com/mf/analysis/are-your-equity-mutual-fund-portfolios-in-red-heres-what-you-should-do/articleshow/70495123.cms,
236,8/5/2019,HT-HT Money-Investing for your child's sports ambition,HT,https://www.hindustantimes.com/business-news/investing-for-your-child-s-sports-ambition/story-6wQXQCRF1qLzDIlXILorxK.html,
237,8/15/2019,LiveMint-Money- Personal Finance- Freedom from the risk of investment risks,Mint,https://www.livemint.com/money/personal-finance/freedom-from-the-fear-of-investment-risks-1565804936148.html,
238,8/16/2019,ET.com-MF-Why is Motilal AMC betting big on index funds,ET online,https://economictimes.indiatimes.com/mf/analysis/why-is-motilal-oswal-amc-betting-big-on-index-funds/articleshow/70699375.cms,
239,8/27/2019,ET.com-MF-Am I investing in the right Mutual Fund schemes?,ET online,https://economictimes.indiatimes.com/mf/analysis/am-i-investing-in-the-right-mutual-fund-schemes/articleshow/70856992.cms,
240,8/28/2019,ET.com-MF-Best Mutual Funds to invest for 15 years,ET online,https://economictimes.indiatimes.com/mf/analysis/best-mutual-funds-to-invest-for-15-years/articleshow/70876564.cms,
241,8/28/2019,LiveMint-Money- Personal Finance- Tips to navigate the rough seas of the economic slowdown,Mint,https://www.livemint.com/money/personal-finance/tips-to-navigate-the-rough-seas-of-the-economic-slowdown-1566932023286.html,
242,8/29/2019,ET.com-MF-Should I change any scheme in my mutual Fund portfolio,ET online,https://economictimes.indiatimes.com/mf/analysis/should-i-change-any-scheme-in-my-mutual-fund-portfolio/articleshow/70893332.cms,
243,9/2/2019,ET.com-MF-Should invest a lumpsum or do a STP?,ET online,https://economictimes.indiatimes.com/mf/analysis/should-i-invest-a-lumpsum-or-do-an-stp/articleshow/70945610.cms,
244,9/2/2019,LiveMint-Money- Personal Finance- Five things to keep in mind before chosing an ELSS,Mint,https://www.livemint.com/mutual-fund/mf-news/five-things-to-keep-in-mind-before-choosing-an-elss-1567442109181.html,
245,9/2/2019,LiveMint-Money- Personal Finance- Balanced Advantage Mutual Funds fail to deliver,Mint,https://www.livemint.com/mutual-fund/mf-news/balanced-advantage-mutual-funds-fail-to-deliver-1567531955385.html,
246,9/3/2019,ET.com-MF-Should I invest a lumpsum or do a STP?,ET online,https://economictimes.indiatimes.com/mf/analysis/should-i-invest-a-lumpsum-or-do-an-stp/articleshow/70945610.cms,
247,9/5/2019,LiveMint-Money- Personal Finance- Rewire your money habits to be become your own guru,Mint,https://www.livemint.com/money/personal-finance/rewire-your-money-habits-to-become-your-own-guru-1567618292268.html,
248,9/13/2019,LiveMint-Money- Personal Finance- The new iphone is cheaper should you emi it,Mint,https://www.livemint.com/money/personal-finance/the-new-iphone-is-cheaper-should-you-emi-it-1568373603425.html,
249,9/24/2019,ET.com-MF-Best MF schemes to invest for 15 years,ET online,https://economictimes.indiatimes.com/mf/analysis/best-mutual-fund-schemes-to-invest-for-15-years/articleshow/71276963.cms,
250,9/25/2019,ET.com-MF-Mutual Funds to invest monthly payouts for corporate FDs,ET online,https://economictimes.indiatimes.com/mf/analysis/mutual-funds-to-invest-monthly-payout-from-corporate-fds/articleshow/71294329.cms,
251,9/26/2019,ET.com-MF-Should I continue to invest in Kotak Satndard Multicap Fund?,ET online,https://economictimes.indiatimes.com/mf/analysis/should-i-continue-to-invest-in-kotak-standard-multicap-fund/articleshow/71307185.cms,
252,10/1/2019,LiveMint-Money- Personal Finance- Can LIC'S investments in public sector undertakings hurt policy holders,Mint,https://www.livemint.com/money/personal-finance/can-lic-s-investments-in-public-sector-units-hurt-policyholders-11569836717574.html,
253,10/17/2019,LiveMint-Money- Personal Finance- 4 Financial mistakes to watch out for in your 40s,Mint,https://www.livemint.com/money/personal-finance/four-financial-mistakes-to-watch-out-for-in-your-40s-11571216122599.html,
254,10/17/2019,LiveMint-Money- Personal Finance- SEBI notifies exit load on redemptions from liquid funds within 7 days of investments,Mint,https://www.livemint.com/mutual-fund/mf-news/sebi-notifies-exit-load-on-redemptions-from-liquid-funds-within-7-days-of-investment-11571197559280.html,
255,10/18/2019,ET.com-MF-Will my Mutual Fund investments lead me to my financila goal?,ET online,https://economictimes.indiatimes.com/mf/analysis/will-my-mutual-fund-investments-lead-me-to-my-financial-goal/articleshow/71647922.cms,
256,10/24/2019,LiveMint-Money- Personal Finance- Six smart ways to effectively utilize your festive bonus,Mint,https://www.livemint.com/money/personal-finance/six-smart-ways-to-efficiently-utilize-your-festive-bonus-11571822396269.html,
257,10/29/2019,LiveMint-Money- Personal Finance- How sovereign gold bonds hold up against gold etfs and funds,Mint,https://www.livemint.com/money/personal-finance/how-sovereign-gold-bonds-hold-up-against-gold-etfs-and-funds-11572375858633.html,
258,10/30/2019,LiveMint-Money- Personal Finance- My plan-How being disciplined can change your financial life,Mint,https://www.livemint.com/money/personal-finance/how-being-disciplined-can-change-your-financial-life-11572258887549.html,
259,11/1/2019,Business Standard- Personal Finance-Fix the festival splurge by getting rid of buyer's remorse,Business Standard,https://www.pressreader.com/india/business-standard/20191101/282093458537089,
260,11/5/2019,ET.com-MF-How much corpus can I expect from these Mutual Funds?,ET online,https://economictimes.indiatimes.com/mf/analysis/how-much-corpus-can-i-expect-from-these-mutual-funds/articleshow/71917993.cms,
261,11/14/2019,LiveMint-Money- Personal Finance- It's never too late to plan for your child's studies,Mint,https://www.livemint.com/money/personal-finance/it-s-never-too-late-to-plan-your-child-s-studies-11573663008056.html,
262,11/21/2019,ET.com-MF-Mutual Funds to create Rs.50 lacs corpus in 15 years,ET online,https://economictimes.indiatimes.com/mf/analysis/mutual-funds-to-create-rs-50-lakh-in-15-years/printarticle/72162112.cms,
263,11/21/2019,ET.com-MF-Which Mutual Funds will offer best returns in 3 years,ET online,https://economictimes.indiatimes.com/mf/analysis/which-mutual-funds-will-offer-best-returns-in-three-years/articleshow/72154496.cms,
264,11/29/2019,"ET.com-MF-Worried about economic slowdon, here's your survival kit",ET online,https://economictimes.indiatimes.com/mf/analysis/worried-about-economic-slowdown-here-is-your-survival-kit/articleshow/72288142.cms,
265,12/12/2019,Mint-Money-Personal Finance-Is it worth compromising your pf for  higher take home,Mint,https://www.livemint.com/money/personal-finance/is-it-worth-compromising-your-pf-for-a-higher-take-home-11575956527714.html,
266,12/23/2019,"Mint-Money-Personal Finance-Who is better for clients needs, banks or wealth managers?",Mint,https://www.livemint.com/money/personal-finance/who-is-better-for-clients-needs-banks-or-wealth-managers-11577021126538.html,
267,1/10/2020,Mint-Money-Personal Finance-Are you shy to ask your boss for a salary hike,Mint,https://www.livemint.com/money/personal-finance/are-you-shy-to-ask-your-boss-for-a-salary-hike-11578472092456.html,
268,1/15/2020,ET.com-MF-Should investors pick only axis or mirae mf schemes,ET online,https://economictimes.indiatimes.com/mf/analysis/should-investors-pick-only-axis-or-mirae-mutual-fund-schemes/articleshow/73266539.cms,
269,1/18/2020,Mint-Money-Personal Finance-Franklin mutual fund debt schemes bleed on vodafone idea,Mint,https://www.livemint.com/mutual-fund/mf-news/franklin-mutual-fund-debt-schemes-bleed-on-vodafone-idea-11579246794300.html,
270,1/29/2020,ET.com-MF-Apurva Bhosale 27 started with an elss and built a wedding fund with debt mutual funds,ET online,https://economictimes.indiatimes.com/mf/analysis/apurva-bhosale-27-started-with-an-elss-and-built-a-wedding-fund-with-debt-mutual-funds/articleshow/73690365.cms,
271,1/29/2020,ET.com-MF-Apurva Bhosale 27 started with an elss and built a wedding fund with debt mutual funds,pune mirror,https://punemirror.indiatimes.com/pune/others/how-a-27-year-old-financed-her-wedding-with-elss/articleshow/73723610.cms,
272,1/29/2020,ET.com-MF-Apurva Bhosale 27 started with an elss and built a wedding fund with debt mutual funds,bangalore mirror,https://bangaloremirror.indiatimes.com/bangalore/others/how-a-27-year-old-financed-her-wedding-with-elss/articleshow/73708597.cms,
273,1/29/2020,ET.com-MF-Apurva Bhosale 27 started with an elss and built a wedding fund with debt mutual funds,Mumbai Mirror,https://mumbaimirror.indiatimes.com/mumbai/other/how-a-27-year-old-financed-her-wedding-with-elss/articleshow/73723609.cms,
274,1/29/2020,Mint-Money-Personal Finance-cpse etf s 6th ffo opens soon should you invest,Mint,https://www.livemint.com/money/personal-finance/cpse-etf-s-6th-ffo-opens-soon-should-you-invest-11580203044828.html,
275,1/31/2020,ET.com-Wealth-Personal Finance-news-budget 2020-ideas from personal finance experts,ET online,https://economictimes.indiatimes.com/wealth/personal-finance-news/budget-2020-ideas-from-personal-finance-experts/videoshow/73766768.cms,
276,2/10/2020,ET.com-MF-Should investors pick only axis or mirae mf schemes,ET online,https://economictimes.indiatimes.com/mf/analysis/mutual-funds-to-invest-rs-10000-for-2-3-years/articleshow/74063805.cms,
277,2/10/2020,Mint-Money-Personal Finance-Should you invest in multi asset funds for the right asset allocation,Mint,https://www.livemint.com/money/personal-finance/should-you-invest-in-multi-asset-funds-for-the-right-allocation-11581243402068.html,
278,2/25/2020,Bussiness Standard- Personal Finance-Don't invest blindly in NFOs even if fund houses get under the skin,Business Standard,https://www.business-standard.com/article/pf/don-t-invest-blindly-in-nfos-even-if-fund-houses-get-under-the-skin-120022401264_1.html,
279,2/26/2020,ET.com-MF-Analysis-Best arbitrage Mutual funds to invest in 2020,ET online,https://economictimes.indiatimes.com/mf/analysis/best-arbitrage-mutual-funds-to-invest-in-2020/articleshow/74316394.cms,
280,3/8/2020,ET.com-Wealth-Plan-Money mantras from women experts in the field of personal finance,ET online,https://economictimes.indiatimes.com/wealth/plan/money-mantras-from-women-experts-in-the-field-of-personal-finance/videoshow/74526795.cms,
281,3/18/2020,ET.com-MF-Analysis-How to select a mutual fund,ET online,https://economictimes.indiatimes.com/mf/analysis/how-to-select-a-mutual-fund/articleshow/74689856.cms,
282,3/23/2020,ET.com-MF-Analysis-Is it the right time to cut off long term mutual fund laggards from your mutual fund portfolio,ET online,https://economictimes.indiatimes.com/mf/analysis/is-it-the-right-time-to-cut-off-long-term-laggards-from-your-mutual-fund-portfolio/articleshow/74769684.cms,
283,3/31/2020,Mint-Money-Personal Finance-Don't let bad news faze you and control what you can,Mint,https://www.livemint.com/money/personal-finance/don-t-let-bad-news-faze-you-and-control-what-you-can-11585673520480.html,
284,4/2/2020,Mint-Money-Personal Finance-Invest your surplus but provision for emergencies first,Mint,https://www.livemint.com/money/personal-finance/invest-your-surplus-but-provision-for-emergencies-first-11585510444101.html,
285,4/6/2020,Mint-Money-Personal Finance-Does it make sense to buy RBI 7.75 bonds in low rate regime ,Mint,https://www.livemint.com/money/personal-finance/does-it-make-sense-to-buy-rbi-7-75-bonds-in-low-rate-regime-11586100470891.html,
286,4/8/2020,Mint-Money-Personal Finance-Four money tips for the class of 2020 amid poor job prospects,Mint,https://www.livemint.com/money/personal-finance/four-money-tips-for-the-class-of-2020-amid-poor-job-prospects-11586284916215.html,
287,4/24/2020,Bussiness Standard- Personal Finance-7 Personal finance tips to guide you through these unprecedented times,Business Standard,https://www.business-standard.com/article/pf/7-personal-finance-tips-to-guide-you-through-these-unprecedented-times-120042400445_1.html,
288,5/7/2002,Mint-Money-Personal Finance-Lessons from 2008 crisis to weather covid 19 storm,Mint,https://www.livemint.com/money/personal-finance/lessons-from-2008-crisis-to-weather-covid-19-storm-11588782512572.html,
289,5/18/2020,ET.com-MF-Analysis-Atmanirbhar- Here's how you can be finanically self-relaint,ET online,https://economictimes.indiatimes.com/mf/analysis/atmanirbhar-here-is-how-you-can-be-financially-self-reliant/articleshow/75800842.cms,
290,5/19/2020,ET.com-MF-Analysis-Atmanirbhar- Is it a good time to invest in pharma funds?,ET online,https://economictimes.indiatimes.com/mf/analysis/is-it-a-good-time-to-invest-in-pharma-funds/articleshow/75819330.cms,
291,7/13/2020,Mint-Money-Personal Finance-Here's how students can ease their education loan worries,Mint,https://www.livemint.com/money/personal-finance/here-s-how-students-can-ease-their-education-loan-worries-11594564154417.html,
292,7/21/2020,Mint-Money-Personal Finance-How advisers dealt with crisis hit clients,Mint,https://www.livemint.com/mutual-fund/mf-news/how-advisers-dealt-with-crisis-hit-clients-11595257833879.html,
293,8/14/2020,Mint-Money-Personal Finance-Work from home but rethink goals and investments,Mint,https://www.livemint.com/money/personal-finance/work-from-home-is-liberating-but-rethink-goals-and-investments-11597332570677.html,
294,8/28/2020,Mint-Money-Personal Finance-covid led crisis pushes zillennials into investing,Mint,https://www.livemint.com/money/personal-finance/covid-led-crisis-pushes-zillennials-into-investing-11598542189079.html,
295,8/28/2020,ET.com-MF-Analysis-Atmanirbhar- Investors review mf portfolios early due to high return differences between schemes,ET,https://economictimes.indiatimes.com/mf/analysis/investors-review-mf-portfolios-early-due-to-high-return-difference-between-schemes/articleshow/77797532.cms,
296,10/6/2020,ET.com-MF-Analysis-Atmanirbhar- Ready to say good bye to dividend plans in MutuaI Funds?,ET online,https://economictimes.indiatimes.com/mf/analysis/ready-to-say-good-bye-to-dividend-plans-in-mutual-funds/articleshow/78511189.cms,
297,10/8/2020,Mint-Money-Personal Finance-rebuild the savings you lost to covid 19,Mint,https://www.livemint.com/money/personal-finance/rebuild-the-savings-you-lost-to-covid-19-11602087745811.html,
298,11/11/2020,,money control,https://www.moneycontrol.com/news/business/personal-finance/personal-finance-four-money-priorities-for-your-moneybox-this-diwali-6100851.html/amp?__twitter_impression=true,
299,11/23/2020,Mint-Money-Personal Finance-rebuild the savings you lost to covid 19,Mint,https://www.livemint.com/money/personal-finance/if-you-re-new-to-mfs-go-by-your-needs-not-category-11606061133831.html,
300,12/31/2020,ET - learnings from 2020 and resolutions for 2021,ET online,Money resolutions for a financially healthy new year - https://economictimes.indiatimes.com/wealth/plan/hello-2021-money-resolutions-for-a-financially-healthy-new-year/videoshow/80030847.cms ,
301,1/27/2021,Mint-Money-Personal Finance-A Mutual Fund portfolio has to be compact to perform better,Mint,https://www.livemint.com/money/personal-finance/a-mutual-fund-portfolio-has-to-be-compact-to-perform-better-11611591544616.html,
302,Feb.2021,Keep your money disaster proof- Expert advice on keeping your money safe in troubled times,Reader's Digest,https://www.readersdigest.in/features/story-keep-your-money-disaster-proof-expert-advice-on-keeping-your-money-safe-in-troubled-times-127165,
303,3/11/2021,Mint-Money-Personal Finance-5 plug and play funds for the DIY investor,Mint,https://www.livemint.com/mutual-fund/mf-news/5-plug-and-play-funds-for-the-diy-investor-11615393262328.html,
304,5/10/2021,Navbharat times-what is sip and how to invest in it,Navbharat Times,https://navbharattimes.indiatimes.com/video/business/what-is-sip-how-to-invest-in-it/videoshow/82520540.cms?utm_source=twitter&utm_medium=referral&utm_campaign=nbtmobile,
305,6/30/2021,Women investors-investing options (around 250 women),Pay tm-ICICI prudential MF,https://insider.in/frontstage/09c76e1c-5fe9-4e2e-b8f7-adc824b27185,
306,7/24/2021,Mint-Money-Personal Finance-all about sukanya samridhi yojana,Mint,https://www.livemint.com/money/personal-finance/all-about-sukanya-samriddhi-yojana-11626416463085.html,
307,9/22/2021,ET.com-MF-Analysis- Mutual Fund Investing is not about forecasting returns,ET online,https://economictimes.indiatimes.com/mf/analysis/mutual-fund-investing-is-not-about-forecasting-returns/articleshow/86418532.cms,
308,11/30/2021,Money control/news/business/personal finance/why you need equity in your portfolio even after retirement,Money control,https://www.moneycontrol.com/news/business/personal-finance/why-you-need-equity-in-your-portfolio-even-after-retirement-7775371.html,
309,3/8/2022,ET.com-MF-Analysis- How women can take charge of their finances?,ET online,https://economictimes.indiatimes.com/mf/analysis/how-women-can-take-charge-of-their-finances/articleshow/90067332.cms,
310,3/8/2022,Mint Genie- Personal Finance- Women are better at managing money,Mint Genie,https://mintgenie.livemint.com/news/personal-finance/women-are-better-at-managing-money-151646641450432,
311,3/22/2022,Money control/news/business/personal finance/withdrawing your employee provident fund is a mistake you must avoid,money control,https://www.moneycontrol.com/news/business/personal-finance/withdrawing-your-employees-provident-fund-corpus-is-a-mistake-you-must-avoid-8266151.html,
312,4/26/2022,Mint Genie- Personal Finance- How to build a credit score without owning a credit card,Mint Genie,https://mintgenie.livemint.com/news/personal-finance/how-to-build-a-credit-score-without-owning-a-credit-card-when-you-have-just-started-to-earn-6-financial-experts-respond-151650882193184,
313,4/28/2022,Mint Genie- Personal Finance-A contra strategy could be most worthwhile in bear phases,Mint Genie,https://mintgenie.livemint.com/news/personal-finance/a-contra-strategy-could-be-most-worthwhile-in-bear-phases-says-deepali-sen-151651052027420,
314,5/24/2022,Mint Genie- Personal Finance-Money-Benefits or ills are based on how you view it,Mint Genie,https://mintgenie.livemint.com/news/personal-finance/money-benefits-or-ills-are-based-on-how-you-view-it-151653362473065,
315,5/27/2022,Mint Genie- Personal Finance-7 ways to assess a mutual fund before investing in one,Mint Genie,https://mintgenie.livemint.com/news/personal-finance/7-ways-to-assess-a-mutual-fund-before-investing-in-one-151653564382191,
316,6/15/2022,Mint Genie- Personal Finance-Different stages of our special relationship with money,Mint Genie,https://mintgenie.livemint.com/news/personal-finance/different-stages-of-our-special-relationship-with-money-151655181200122,
317,7/19/2022,Mint Genie- Personal Finance-4 points to build a recession proof portfolio that stays ahead of inflation,Mint Genie,https://mintgenie.livemint.com/news/personal-finance/4-points-to-build-a-recession-proof-portfolio-that-stays-ahead-of-inflation-151657815368171,
318,8/5/2022,Mint Genie- Personal Finance-worried over the falling rupee this is how investing in global funds can help,Mint Genie,https://mintgenie.livemint.com/news/personal-finance/worried-over-the-falling-rupee-this-is-how-investing-in-global-funds-can-help-151659108484328,
319,8/17/2022,Mint Genie- Personal Finance-NPS scores over pension plans on several counts-details here,Mint Genie,https://mintgenie.livemint.com/news/personal-finance/nps-scores-over-pension-plans-on-several-counts-details-here-151660128406712,
320,9/1/2022,"Mint Genie- Personal Finance-Retirement planning, the two decisive approaches to safeguard your golden years",Mint Genie,https://mintgenie.livemint.com/news/personal-finance/retirement-planning-the-two-decisive-approaches-to-safeguard-your-golden-years-151661521224789,
321,10/13/2022,Mint Genie- Personal Finance-financial planning a survey says majority of women rely on men for financial decisions it is time to change it,Mint Genie,https://mintgenie.livemint.com/news/personal-finance/financial-planning-a-survey-says-majority-of-women-rely-on-men-for-financial-decisions-it-is-time-to-change-it-151665581821206,
322,11/14/2022,Money control-youtube video,money control,https://www.youtube.com/watch?v=kSrInOJVz24&feature=youtu.be,
323,11/14/2022,Money control/news/business/personal finance/children's day- how to talk money with your children,money control,https://moneycontrol.com/news/business/personal-finance/childrens-day-how-to-talk-money-with-your-children-9509631.html,
324,1/22/2023,Mint Genie- Personal Finance-financial experts demand new roadmap for long term capital gains taxation,Mint Genie,Budget 2023 Expectations: Financial experts demand new roadmap for long term capital gains taxation (livemint.com),
325,3/9/2023,Mint Genie- Personal Finance-Children's funds- consider these factors before investing,Mint Genie,Children's funds: Consider these factors before investing; 5 experts share their views (livemint.com),
326,6/30/2023,Money control-personal finance-prepaying the home loan early on can save you lakhs,money control,Personal Finance: Prepaying your home loan early on can save you lakhs (moneycontrol.com),